,peak_id,peak_name,pk_name_2,location,height_m,himal,region,open,unlisted,trekking,restrict,country_host,country_status,year,season,expid,summiter_country,summiters
2,AMAD,Ama Dablam,Amai Dablang,Khumbu Himal,6814,Khumbu,Khumbu-Rolwaling-Makalu,True,False,False,,Nepal only,Climbed,1961,Spring,AMAD61101,"New Zealand, USA, UK","Mike Gill, Wally Romanes, Barry Bishop, Michael Ward"
3,AMOT,Amotsang,Amatson,Damodar Himal (NW of Pokharhan),6393,Damodar,Annapurna-Damodar-Peri,True,False,False,Opened in 2002,Nepal only,Climbed,2019,Autumn,,Germany,Jost Kobusch
5,AMPH,Amphu I,,"Khumbu Himal (E of Amphu Laptsa, W of Baruntse)",6740,Khumbu,Khumbu-Rolwaling-Makalu,True,False,False,Opened in 2002,Nepal only,Climbed,2013,Autumn,AMPH13301,S Korea,"Ahn Il-Evn, An Chi-Young, Kim Young-Mi, Oh Young-Hoon"
7,ANID,Anidesh Chuli,White Wave Peak,Kangchenjunga Himal (W of Kangbachen),6808,Kangchenjunga/Simhalila,Kangchenjunga-Janak,True,False,False,Opened in 2002,Nepal only,Unclimbed,0,Unknown,,,Unclimbed
8,ANN1,Annapurna I,,Annapurna Himal,8091,Annapurna,Annapurna-Damodar-Peri,True,False,False,,Nepal only,Climbed,1950,Spring,ANN150101,France,"Maurice Herzog, Louis Lachenal"
10,ANN3,Annapurna III,,Annapurna Himal,7555,Annapurna,Annapurna-Damodar-Peri,True,False,False,,Nepal only,Climbed,1961,Spring,ANN361101,India,"Mohan S. Kohli, Sonam Gyatso, Sonam Girmi"
11,ANN4,Annapurna IV,,Annapurna Himal,7525,Annapurna,Annapurna-Damodar-Peri,True,False,False,,Nepal only,Climbed,1955,Spring,ANN455101,W Germany,"Heinz Steinmetz, Harald Biller, Juergen Wellenkamp"
14,ANNS,Annapurna South,"Annapurna Dakshin, Moditse",Annapurna Himal (S of Annapurna I and Fang),7219,Annapurna,Annapurna-Damodar-Peri,True,False,False,,Nepal only,Climbed,1964,Autumn,ANNS64301,"Japan, Nepal","Shiochiro Uyeo, Mingma Tsering Sherpa"
15,APIM,Api Main,,Api Himal,7132,Api/Byas Risi/Guras,Kanjiroba-Far West,True,False,False,,Nepal only,Climbed,1960,Spring,APIM60101,"Japan, Nepal","Katsutoshi Hirabayashi, Gyaltsen Norbu Sherpa"
18,ARNK,Arniko Chuli,Araniko Chuli,Mukut Himal (W Mustang near Tibetan border),6034,Mukut/Mustang,Dhaulagiri-Mukut,True,False,False,Opened in 2002,Nepal & China,Climbed,2002,Summer,ARNK02201,"Japan, Nepal","Tamotsu Ohnishi, Ang Phurba Sherpa, Dikki Sherpa"
20,BAMO,Bamongo,,Rolwaling Himal (E of Chekigo on Tibetan border),6406,Rolwaling,Khumbu-Rolwaling-Makalu,True,False,False,Opened in 2002,Nepal & China,Climbed,2013,Autumn,BAMO13301,"Nepal, China","Mingma Gyalje Sherpa, Yong Liu, Pema Chhiring/Chhiri Sherpa"
21,BARU,Baruntse,,Khumbu Himal (W of Makalu),7152,Khumbu,Khumbu-Rolwaling-Makalu,True,False,False,,Nepal only,Climbed,1954,Spring,BARU54101,New Zealand,"Colin Todd, Geoff Harrow"
23,BEDG,Beding Go,Bedding Go,Rolwaling Himal (N of Beding village on Tibetan border),6125,Rolwaling,Khumbu-Rolwaling-Makalu,True,False,False,Opened in 2014,Nepal & China,Climbed,2015,Autumn,BEDG15301,"Nepal, Canada, Brazil, Ireland","Mingma Tshering/Tsiri Sherpa, Dean Carriere, Dino De Almeida Camargo, Cian O'Brolchain, Nima Gyalzen Sherpa, Pasang Tenzing Sherpa, Tshering Pemba Sherpa"
25,BHRI,Bhrikuti,Damodar Himal,Damodar Himal (NE of Thorong La near Tibetan border),6476,Damodar,Annapurna-Damodar-Peri,True,False,False,Opened in 2014,Nepal only,Climbed,1982,Spring,BHRI82101,"Japan, Nepal","Takashi Sakuma, Masanobu Tsuchiya, Tashi Jangbu Sherpa"
26,BHRS,Bhrikuti Shail,,Damodar Himal (NE of Thorong La on Tibetan border),6361,Damodar,Annapurna-Damodar-Peri,True,False,False,,Nepal & China,Climbed,2005,Spring,BHRS05101,"France, Nepal","Paulo Grobel, Denis Flaven, Bikram Singh"
28,BIJO,Bijora Hiunchuli,,Jagdula Lekh (S of Kande Huinchuli),6111,Kanjiroba,Kanjiroba-Far West,True,False,False,Opened in 2014,Nepal only,Unclimbed,0,Unknown,,,Unclimbed
32,BURK,Burke Kang,Burke Khang,Khumbu Himal (ENE of Hungchhi on Tibetan border),6942,Khumbu,Khumbu-Rolwaling-Makalu,True,False,False,Opened in 2014,Nepal & China,Climbed,2017,Autumn,BURK17301,"Ireland, Nepal","Noel Hanna, Samden Bhote, Nanda Dorje Sherpa, Pemba Tshering (Maila) Sherpa"
33,CBAM,Chhopa Bamare,Chomo Pamari,Rolwaling Himal (NW of Lamabagar on Tibetan border),6109,Rolwaling,Khumbu-Rolwaling-Makalu,True,False,False,Opened in 2014,Nepal & China,Climbed,2019,Winter,CBAM18401,"USA, France","John Kelley, Benjamin Billet"
37,CHAM,Chamlang,,"Khumbu Himal (in Hongku Valley, SW of Makalu)",7321,Khumbu,Khumbu-Rolwaling-Makalu,True,False,False,,Nepal only,Climbed,1962,Spring,CHAM62101,"Japan, Nepal","So Anma, Pasang Phutar Sherpa (I)"
38,CHAN,Changla,Changla Himal,Changla Himal (N of Jumla on Tibetan border),6563,Nalakankar/Chandi/Changla,Kanjiroba-Far West,True,False,False,,Nepal & China,Climbed,2010,Autumn,CHAN10301,Japan,"Hirofumi Kobayashi, Seiya Nakasukasa, Yuta Shibayama, Naoki Yamaguchi"
39,CHAW,Chaw Peak,Chaw East,Ohmi Kangri Himal (WNW of Ohmi Kangri on Tibetan border),6404,Janak/Ohmi Kangri,Kangchenjunga-Janak,True,False,False,Opened in 2002,Nepal & China,Unclimbed,0,Unknown,,,Unclimbed
48,CHOB,Chobuje,"Chobutse, Tsoboje",Rolwaling Himal (NE of Tsho Rolpa),6686,Rolwaling,Khumbu-Rolwaling-Makalu,True,False,False,,Nepal only,Climbed,1972,Spring,CHOB72101,W Germany,"Wolfgang Weinzierl, Peter Vogler, Gustav Harder, Klaus Harder"
50,CHOP,Cho Polu,,"Khumbu Himal (S of Shartse, N of Baruntse)",6700,Khumbu,Khumbu-Rolwaling-Makalu,True,False,False,,Nepal only,Climbed,1984,Autumn,CHOP84301,Spain,Nil Bohigas Martorell
51,CHOY,Cho Oyu,,Khumbu Himal (NW of Everest on Tibetan border),8188,Khumbu,Khumbu-Rolwaling-Makalu,True,False,False,,Nepal & China,Climbed,1954,Autumn,CHOY54301,"Austria, Nepal","Herbert Tichy, Sepp Jeochler, Pasang Dawa Lama"
54,CHRW,Churen Himal West,,Dhaulagiri Himal (NW of Dhaulagiri VI),7371,Dhaulagiri,Dhaulagiri-Mukut,True,False,False,One permit for Churen Himal's three summits,Nepal only,Climbed,1970,Autumn,CHRW70301,"Japan, Nepal","Kozo Hasegawa, Ang Norbu Sherpa"
55,CHUB,Chhuboche,,Damodar Himal (NNE of Pisang Peak),5606,Damodar,Annapurna-Damodar-Peri,True,False,False,,Nepal only,Climbed,2013,Autumn,CHUB13301,UK,"Brian Jackson, Hugh Wrightson, Pasang Sherpa, Tendi Wangya"
56,CHUG,Chukyima Go,Chugimago,Rolwaling Himal (WSW of Tesi Laptsa),6258,Rolwaling,Khumbu-Rolwaling-Makalu,True,False,False,Opened in 2014,Nepal only,Climbed,2014,Autumn,CHUG14301,Slovenia,"Domen Kastelic, Sam Hennessey"
60,CHUR,Churen Himal Central,,Dhaulagiri Himal (NW of Dhaulagiri VI),7385,Dhaulagiri,Dhaulagiri-Mukut,True,False,False,One permit for Churen Himal's three summits,Nepal only,Climbed,1970,Autumn,CHUR70301,Japan,"Masayoshi Fukui, Kozo Hasegawa"
62,CHWT,Changwathang,,Chandi Himal (S of Tibetan border),6130,Nalakankar/Chandi/Changla,Kanjiroba-Far West,True,False,False,Opened in 2002,Nepal only,Climbed,2000,Summer,CHWT00201,"Japan, Nepal","Tamotsu Ohnishi, Koji Mizutani, Nobuo Akayama, Takehiko Yanagihara, Chuldim Nuru Sherpa, Dawa Sherpa"
66,DANS,Danphe Shail,Danfe Shail,Palchung Himal (N of Kanjiroba on Tibetan border),6103,Kanti/Palchung,Kanjiroba-Far West,True,False,False,Opened in 2002,Nepal & China,Climbed,2017,Autumn,DANS17301,"France, Nepal","Sonia Baillif, Etienne De Fleurian, Laurence De Fleurian, Paulo Grobel, Jean Males, Etienne Principaud, Bernard Vallet, Dipen Bhote, Dhan Magar, Anil Rai"
68,DHA1,Dhaulagiri I,,Dhaulagiri Himal,8167,Dhaulagiri,Dhaulagiri-Mukut,True,False,False,,Nepal only,Climbed,1960,Spring,DHA160101,"Switzerland, Austria, W Germany, Nepal","Peter Diener, Kurt Diemberger, Albin Schelbert, Ernst Forrer, Nima Dorje Sherpa, Nawang Dorje Sherpa"
76,DING,Dingjung North,"Kangkuru, Rima Mancho",Rolwaling Himal (S of Pangbuk Ri on Tibetan border),6249,Rolwaling,Khumbu-Rolwaling-Makalu,True,False,False,Opened in 2014,Nepal & China,Climbed,1955,Spring,DING55101,UK,"Peter Boultbee, Dennis Davis"
80,DOMK,Dome Kang,,Jongsang Himal (ESE of Jongsong on Indian border),7264,Jongsang,Kangchenjunga-Janak,True,False,False,Opened in 2002,Nepal & India,Climbed,2009,Spring,DOMK09101,"Spain, Nepal","Emilio Lagunilla, Carlos Soria, Chhang Dawa Sherpa, Karma Gyalzen Sherpa, Halung Dorchi Sherpa"
81,DOMO,Domo,Jongsang SE Peak,Jongsang Himal (SE of Jongsong on Indian border),7447,Jongsang,Kangchenjunga-Janak,False,True,False,,Nepal & India,Climbed,1930,Spring,DOMO30101,"Germany, Nepal","Guenter Dyhrenfurth, Lewa Sherpa"
88,DZA2,Dzanye II,,Janak Himal (S of Danzye Peak),6318,Janak/Ohmi Kangri,Kangchenjunga-Janak,True,False,False,Opened in 2014,Nepal & China,Climbed,2015,Autumn,DZA215301,Japan,"Takanori Mashimo, Kotaro Myatsu, Kenta Kimura, Shinnosuke Ashikari, Shun Katsurai, Takehiro Nozawa"
90,DZAS,Dzasampatse,,Khumbu Himal (S of Pasang Lhamu Chuli),6295,Khumbu,Khumbu-Rolwaling-Makalu,False,True,False,,Nepal only,Climbed,2004,Autumn,DZAS04301,Slovenia,"Urban Azman, Tadej Golob"
92,EVER,Everest,"Sagarmatha, Chomolungma, Qomolungma",Khumbu Himal,8850,Khumbu,Khumbu-Rolwaling-Makalu,True,False,False,,Nepal & China,Climbed,1953,Spring,EVER53101,"New Zealand, India","Edmund Hillary, Tenzing Norgay Sherpa"
98,GAN1,Ganesh I,Yangra Kangri,Ganesh Himal (on Tibetan border),7422,Ganesh/Shringi,Manaslu-Ganesh,True,False,False,,Nepal & China,Climbed,1955,Autumn,GAN155301,"Switzerland, France","Raymond Lambert, Eric Gauchat, Claude Kogan"
105,GANC,Ganchenpo,"Fluted Peak, Ganchempo",Jugal Himal (W of Dorje Lhakpa and Urkinmang),6378,Jugal,Langtang-Jugal,True,False,False,,Nepal only,Climbed,1971,Autumn,GANC71302,USA,"Terry Bech, Cheri Bech"
106,GAND,Gandharva Chuli,"Gandharbha, Gabelhorn Peak",Annapurna Himal (SSW of Annapurna III near Machhapuchhare),6248,Annapurna,Annapurna-Damodar-Peri,True,False,False,,Nepal only,Climbed,2013,Spring,GAND13101,Romania,"Cosmin Andron, Christina Pogacean"
109,GAUG,Gaugiri,,Damodar Himal (N of Bhrikuti on Tibetan border),6110,Damodar,Annapurna-Damodar-Peri,True,False,False,Opened in 2002,Nepal & China,Climbed,2002,Spring,GAUG02101,USA,"Peter Ackroyd, Jim Frush"
110,GAUR,Gaurishankar,Jomo Tseringma,Rolwaling Himal (on Tibetan border),7135,Rolwaling,Khumbu-Rolwaling-Makalu,True,False,False,,Nepal & China,Climbed,1979,Spring,GAUR79101,"US, Nepal","John Roskelley, Dorje Sherpa"
112,GDNG,Gave Ding,,Changla Himal (N of Lachama Chuli on Tibetan border),6581,Nalakankar/Chandi/Changla,Kanjiroba-Far West,False,True,False,Requires permit for Lachama Chuli,Nepal & China,Climbed,2015,Autumn,GDNG15301,UK,"Michael Fowler, Paul Ramsden"
120,GIMM,Gimmigela Chuli,Twins,Kangchenjunga Himal (N of Kangchenjunga on Indian border),7350,Kangchenjunga/Simhalila,Kangchenjunga-Janak,True,False,False,,Nepal & India,Climbed,1994,Autumn,GIMM94301,"Japan, Nepal","Shigeru Yokokuwa, Dawa Wangchuk Sherpa, Pasang Gyalzen Sherpa, Pasang Tenzing Sherpa"
122,GOJN,Gojung,Mugu Chuli,Kanti Himal (WNW of Kanti Himal peak on Tibetan border),6310,Kanti/Palchung,Kanjiroba-Far West,False,True,False,,Nepal & China,Climbed,2011,Autumn,GOJN11301,UK,"Mick Fowler, Dave Turnbull"
130,GYAJ,Gyajikang,Gyaji Khang,Peri Himal (SW of Himlung Himal),7074,Peri,Annapurna-Damodar-Peri,True,False,False,,Nepal only,Climbed,1994,Autumn,GYAJ94301,"Japan, Nepal","Toshisada Hasegawa, Yousuke Kokubo, Osamu Tanabe, Ram Kaji Sivakoti, Pasang Tshering Sherpa, Dambar Bahadur Gurung"
133,HCHI,Hungchhi,"Hunchhi, Chakung, Gyubanare Kang, Gyuba Tshomotse",Khumbu Himal (S of Gyachung Kang on Tibetan border),7029,Khumbu,Khumbu-Rolwaling-Makalu,True,False,False,Opened in 2001,Nepal & China,Climbed,2003,Spring,HCHI03102,"Japan, Nepal","Katsuo Fukuhara, Tadashi Morita, Kanji Shimizu, Durga Rai, Hit Bahadur Tamang, Ram Kaji Tamang, Tul Bahadur Tamang"
136,HIMJ,Himjung,Nemjung Goth,Peri Himal (S of Himlung Himal),7092,Peri,Annapurna-Damodar-Peri,True,False,False,Opened in 2002,Nepal only,Climbed,2012,Autumn,HIMJ12301,S Korea,"Kim Chang-Ho, An Chi-Young"
137,HIML,Himlung Himal,,Peri Himal (NW of Manaslu near Tibetan border),7126,Peri,Annapurna-Damodar-Peri,True,False,False,,Nepal only,Climbed,1992,Spring,HIML92301,"Japan, Nepal","Osamu Hanai, Akio Koizumi, Nima Sherpa"
143,HONG,Hongde,"Hangde, Hongde Himal",Mukut Himal (N of Sita Chuchura in Hidden Valley),6556,Mukut/Mustang,Dhaulagiri-Mukut,True,False,False,,Nepal only,Climbed,1962,Spring,HONG62101,"Japan, Nepal","Shijiro Ishizaka, Zenkichi Hirayama, Takashi Miyahara, Ang Dawa Sherpa, Ang Temba Sherpa"
146,HUNK,Hunku,,Khumbu Himal (NNE of Peak 41),6119,Khumbu,Khumbu-Rolwaling-Makalu,False,True,False,"Opened in 2002, delisted in 2013?",Nepal only,Climbed,2012,Autumn,HUNK12302,UK,"Nick Bullock, Andy Houseman"
148,JABR,Jabou Ri,,Rolwaling Himal (S of Tarkago),6166,Rolwaling,Khumbu-Rolwaling-Makalu,True,False,False,Opened in 2014,Nepal only,Climbed,2015,Autumn,JABR15301,USA,"Ryan Waters, Eric Larsen"
149,JAGD,Jagdula,,Jagdula Lekh (S of Kande Hiunchuli),5761,Kanjiroba,Kanjiroba-Far West,True,False,False,,Nepal only,Climbed,2013,Spring,JAGD13101,France,Francois Damilano
151,JANK,Janak Chuli,"Janak, Outlier",Janak Himal (WNW of Jongsang on Tibetan border),7041,Janak/Ohmi Kangri,Kangchenjunga-Janak,True,False,False,Opened in 2002,Nepal & China,Climbed,2006,Spring,JANK06101,Slovenia,"Andrej Stremfelj, Rok Zalokar"
152,JANU,Jannu,Khumbhakarna,Kangchenjunga Himal (W of Kangchenjunga),7711,Kangchenjunga/Simhalila,Kangchenjunga-Janak,True,False,False,,Nepal only,Climbed,1962,Spring,JANU62101,"France, Nepal","Rene Desmaison, Paul Keller, Robert Paragot, Gyalzen Mitchung Sherpa"
157,JOBO,Jobo Rinjang,Jobo Ribjang,Rolwaling Himal (SW of Nangpa La near Tibetan border),6778,Rolwaling,Khumbu-Rolwaling-Makalu,True,False,False,Opened in 2002,Nepal only,Climbed,2009,Spring,JOBO09101,USA,"Joe Puryear, David Gottlieb"
166,KAG1,Kagmara I,,Kagmara Lekh (S of Kanjiroba Himal),5978,Kanjiroba,Kanjiroba-Far West,True,False,False,,Nepal only,Climbed,1962,Spring,KAG162101,"UK, Nepal","Dorothea Gravina, Denise Evans, Nancy Smith, Pat Wood, Ang Temba Sherpa, Mingma Tsering Sherpa, Pemba Norbu Sherpa"
167,KAGA,Kanta Gaton,Kangfu Gaton,Kanjiroba Himal (SE of Phoksumdo Tal),5910,Kanjiroba,Kanjiroba-Far West,True,False,False,Opened in 2002,Nepal only,Climbed,2009,Summer,KAGA09201,"France, Nepal","Jean-Rene Minelli, Abel Minelli, Eienne Minelli, Sarah Minelli, Pemba Jangbu Sherpa"
176,KANG,Kangchenjunga,,Kangchenjunga Himal,8586,Kangchenjunga/Simhalila,Kangchenjunga-Janak,True,False,False,,Nepal & India,Climbed,1955,Spring,KANG55101,UK,"George Band, Joe Brown"
178,KANS,Kangchenjunga South,,Kangchenjunga Himal,8476,Kangchenjunga/Simhalila,Kangchenjunga-Janak,True,False,False,,Nepal & India,Climbed,1978,Spring,KANS78101,Poland,"Eugeniusz Chrobak, Wojciech Wroz"
187,KCHN,Kangchung Nup,"Khangchung Nup, Kangcho Nup, Cholo",Khumbu Himal (NE of Gokyo Lake),6043,Khumbu,Khumbu-Rolwaling-Makalu,False,True,False,,Nepal only,Climbed,1953,Spring,KCHN53101,"UK, New Zealand","Edmund Hillary, Wilfred Noyce, Charles Wylie"
188,KCHS,Kangchung Shar,"Khangchung, Kangcho Shar, UIAA Peak",Khumbu Himal (NE of Gokyo Lake),6063,Khumbu,Khumbu-Rolwaling-Makalu,True,False,False,Opened in 2014,Nepal only,Climbed,1984,Autumn,KCHS84301,Yugoslavia,Francek Knez
192,KHAM,Khamjung,"Khumjung, Khamjungar",Damodar Himal (W of Saribung and Bhrikuti),6759,Damodar,Annapurna-Damodar-Peri,True,False,False,Opened in 2002,Nepal only,Climbed,1982,Unknown,,Japan,Climbed?
203,KNAG,Kang Nagchugo,Khang Nagchugo,Rolwaling Himal (E of Chekigo on Tibetan border),6737,Rolwaling,Khumbu-Rolwaling-Makalu,True,False,False,Opened in 2002,Nepal & China,Climbed,2008,Autumn,KNAG08301,USA,"Joseph Puryear, David Gottlieb"
206,KOJI,Kojichuwa Chuli,,Kanti Himal (NNW of Kanti Himal peak on Tibetan border),6439,Kanti/Palchung,Kanjiroba-Far West,True,False,False,Opened in 2003,Nepal & China,Climbed,2010,Spring,KOJI10101,Japan,"Ken Fujikawa, Yuta Kawamura, Satoshi Kimoto"
218,KYAS,Kyashar,"Peak 43, Tangnag Tseng",Khumbu Himal (S of Kantega),6770,Khumbu,Khumbu-Rolwaling-Makalu,True,False,False,Opened in 2002,Nepal only,Climbed,2003,Autumn,KYAS03301,"UK, Austria, Swiss","Bruce Normand, Sam Broderick, Andreas Frank"
219,KYAZ,Kyazo Ri,Kyajo Ri,Khumbu Himal (SW of Gokyo Lake),6151,Khumbu,Khumbu-Rolwaling-Makalu,False,False,True,Opened in 2002 as trekking peak,Nepal only,Climbed,2002,Autumn,KYAZ02301,"UK, France","Duncan Wilson, Vincent Marche"
220,KYR1,Kyungka Ri 1,Kyungya Ri 1,Langtang Himal (NE of Shalbachum near Tibetan border),6599,Langtang,Langtang-Jugal,True,False,False,Opened in 2003,Nepal only,Climbed,2017,Autumn,KYR117301,S Korea,"Han San-Hum, Oh Chi-Wan"
224,LANG,Langtang Lirung,Langtang,Langtang Himal,7227,Langtang,Langtang-Jugal,True,False,False,,Nepal only,Climbed,1978,Autumn,LANG78301,"Japan, Nepal","Seishi Wada, Pemba Tsering Sherpa"
225,LANR,Langtang Ri,,Langtang Himal (NE of Langtang Lirung on Tibetan border),7205,Langtang,Langtang-Jugal,True,False,False,,Nepal & China,Climbed,1981,Autumn,LANR81301,"Japan, Nepal","Soichi Nasu, Makihiro Wakao, Noboru Yamada, Ang Rinji Sherpa"
228,LAS2,Lashar II,Loshar II,Janak Himal (SW of Ghhanyala Hies on Tibetan border),6803,Janak/Ohmi Kangri,Kangchenjunga-Janak,True,False,False,Opened in 2002,Nepal & China,Unclimbed,0,Unknown,,,Unclimbed
233,LDAK,Langdak,,Rolwaling Himal (N of Raungsiyar and Pimu),6220,Rolwaling,Khumbu-Rolwaling-Makalu,True,False,False,Opened in 2014,Nepal only,Climbed,2015,Autumn,LDAK15301,Nepal,"Dawa Gyalje Sherpa, Nima Tenji Sherpa, Tashi Sherpa"
238,LHAY,Lhayul Peak,,Api Himal (SW of Api Main),6395,Api/Byas Risi/Guras,Kanjiroba-Far West,True,False,False,Opened in 2002,Nepal only,Unclimbed,0,Unknown,,,Unclimbed
240,LHOT,Lhotse,,Khumbu Himal,8516,Khumbu,Khumbu-Rolwaling-Makalu,True,False,False,,Nepal & China,Climbed,1956,Spring,LHOT56101,Switzerland,"Fritz Luchsinger, Ernst Reiss"
241,LIK1,Linkhu Chuli Shar,"Bigphera-Go Shar, Pigpferago Shar, Linkhu Chuli I",Rolwaling Himal (S of Parchamo),6719,Rolwaling,Khumbu-Rolwaling-Makalu,True,False,False,Opened in 2003,Nepal only,Climbed,2013,Autumn,LIK113301,Germany,Ines Papert
242,LIK2,Linkhu Chuli Nup,"Bigphera-Go Nup, Pigpferago Nup, Linkhu Chuli II","Rolwaling Himal (SSW of Parchamo, W of Likhu Chuli Shar)",6659,Rolwaling,Khumbu-Rolwaling-Makalu,True,False,False,Opened in 2003,Nepal only,Climbed,1960,Autumn,LIK260301,"France, Nepal","Alain Barbezat, Cecile Barbezat, Nawang Dorje Sherpa"
244,LMOC,Langmoche Ri,,Rolwaling Himal (N of Tesi Laptsa),6552,Rolwaling,Khumbu-Rolwaling-Makalu,True,False,False,Opened in 2002,Nepal only,Climbed,2012,Autumn,LMOC12301,USA,"Roberto Villanueva, Alan Rousseau"
250,LOBE,Lobuje East,Lobuche East,Khumbu Himal (SW of Pumori),6090,Khumbu,Khumbu-Rolwaling-Makalu,False,False,True,,Nepal only,Climbed,1984,Spring,LOBE84101,"USA, Nepal","Larry Nielson, Any Gyaltsen Sherpa"
253,LSHR,Lhotse Shar,Lhotse II,Khumbu Himal (ESE of Lhotse and Lhotse Middle),8382,Khumbu,Khumbu-Rolwaling-Makalu,True,False,False,,Nepal & China,Climbed,1970,Spring,LSHR70101,Austria,"Josef Mayerl, Rolf Walter"
255,LUGU,Lugula,,Damodar Himal (E of Bhrikuti Sail on Tibetan border),6899,Damodar,Annapurna-Damodar-Peri,True,False,False,Opened in 2014,Nepal & China,Climbed,2010,Autumn,LUGU10301,France,Renald Guillaune
258,LUNR,Lunag Ri,"Lunag I, Rongshar Ri I, Ondrej Peak",Rolwaling Himal (SW of Nangpa La on Tibetan border),6895,Rolwaling,Khumbu-Rolwaling-Makalu,False,True,False,Requires permit for Jobo Rinjang,Nepal & China,Unclimbed,0,Unknown,,,
259,LUNW,Lunag West,,Rolwaling Himal (W of Lunag I on Tibetan border),6492,Rolwaling,Khumbu-Rolwaling-Makalu,False,True,False,Requires permit for Jobo Rinjang,Nepal & China,Climbed,2013,Autumn,LUNW13301,USA,"Scott Adamson, Chris Wright"
262,MAKA,Makalu,,Makalu Himal,8485,Makalu,Khumbu-Rolwaling-Makalu,True,False,False,,Nepal & China,Climbed,1955,Spring,MAKA55101,France,"Jean Couzy, Lionel Terray"
264,MANA,Manaslu,"Kutang I, Peak 30",Manaslu Himal,8163,Manaslu/Mansiri,Manaslu-Ganesh,True,False,False,,Nepal only,Climbed,1956,Spring,MANA56101,"Japan, Nepal","Toshio Imanishi, Gyaltsen Norbu Sherpa"
276,MNSL,Mansail,Manshail,Mustang Himal (NW of Lo Manthang on Tibetan border),6235,Mukut/Mustang,Dhaulagiri-Mukut,True,False,False,Opened in 2014,Nepal only,Climbed,2014,Autumn,MNSL14301,Japan,"Yukiko Inoue, Eri Hasegawa, Mariko Nakamura, Kei Taniguchi"
280,MUKT,Mukut Himal,"Mukot Himal, Langru","Mukut Himal (N of Sita Chuchura, S of Hongde)",6087,Mukut/Mustang,Dhaulagiri-Mukut,True,False,False,Opened in 2014,Nepal only,Climbed,1967,Autumn,MUKT67301,Netherlands,"Alfons J. Driessen, Michiel van Mourik Broekman"
282,MUST,Mustang Himal,,Mustang Himal (S of Mansail on Tibetan border),6195,Mukut/Mustang,Dhaulagiri-Mukut,True,False,False,Opened in 2014,Nepal only,Climbed,2014,Autumn,MUST14301,USA,"Melissa Arnot, Ben Jones, Jon Mancuso"
293,NANG,Nangamari I,,Ohmi Kangri Himal (W of Chaw Peak on Tibetan border),6547,Janak/Ohmi Kangri,Kangchenjunga-Janak,True,False,False,Opened in 2003,Nepal & China,Climbed,2010,Autumn,NANG10301,Australia,"Timothy Macartney-Snape, David Barton"
307,NILS,Nilgiri South,,Annapurna-Nilgiri Himal (NW of Annapurna I),6839,Annapurna,Annapurna-Damodar-Peri,True,False,False,,Nepal only,Climbed,1978,Autumn,NILS78301,Japan,"Kazuo Mitsui, Taichi Fujimatsu, Yoshiaki Kato, Nobuhito Morota, Seiji Tanaka, Hideki Yoshida"
308,NORB,Norbu Kang,Norbu Khang,Kanjiroba Himal (SE of Phoksumdo Tal),6085,Kanjiroba,Kanjiroba-Far West,True,False,False,Opened in 2002,Nepal only,Climbed,2003,Summer,NORB03201,"Japan, Nepal","Tamotsu Ohnishi, Tazuko Inoue, Koji Mizutani, Takehiro Yanigahara, Chuldim Nuru Sherpa, Kancha Dawa Sherpa"
309,NPHU,Narphu,,"Damodar Himal (WNW of Pisang Peak, E of Chulu East Peak)",5921,Damodar,Annapurna-Damodar-Peri,True,False,False,,Nepal only,Climbed,2014,Autumn,NPHU14301,"UK, Nepal","Brian Jackson, Heather Bentley, Catherine Husted, Dawn Richardson, James Salt, Rhiannon Thomson, Mingma Dorje Sherpa, Pasang Sherpa Shikhar Pandey"
316,NUPT,Nuptse,,Khumbu Himal (SW of Everest),7864,Khumbu,Khumbu-Rolwaling-Makalu,True,False,False,,Nepal only,Climbed,1961,Spring,NUPT61101,"UK, Nepal","Dennis Davis, Tashi Sherpa"
321,OMIT,Omitso Go,Omi Tso Go,Rolwaling Himal (NE of Kang Nachugo on Tibetan border),6332,Rolwaling,Khumbu-Rolwaling-Makalu,True,False,False,Opened in 2014,Nepal & China,Unclimbed,0,Unknown,,,Unclimbed
324,PAN1,Panpoche 1,"Pang Phunch 1, Kutang Himal",Manaslu Himal (NE of Sama village near Tibetan border),6620,Manaslu/Mansiri,Manaslu-Ganesh,True,False,False,Opened in 2003,Nepal only,Climbed,2019,Autumn,PAN119301,Georgia,"Archil Badriashvi, Bakari Gelashvili, Giorgi Tepnadze"
326,PANB,Panbari,,Peri Himal (NW of Larkya La),6905,Peri,Annapurna-Damodar-Peri,True,False,False,Opened in 2002,Nepal only,Climbed,2006,Autumn,PANB06301,Japan,"Yoshimi Kato, Gakuto Komiya, Sayaka Koyama, Kenro Nakajima, Yosuke Urabe"
327,PAND,Pandra,,Ohmi Kangri Himal (NW of Lhonak),6670,Janak/Ohmi Kangri,Kangchenjunga-Janak,True,False,False,Opened in 2002,Nepal only,Climbed,2002,Autumn,PAND02301,Denmark,"Allan Christensen, Bo Belvedere Christensen, Jan Mathorne"
328,PANG,Pangbuk Ri,,Rolwaling Himal (N of Menlung La on Tibetan border),6625,Rolwaling,Khumbu-Rolwaling-Makalu,True,False,False,Opened in 2002,Nepal & China,Climbed,2011,Autumn,PANG11301,USA,"David Gottlieb, Chad Kellogg"
329,PANN,Pangbuk North,Jobo LeCoultre,Rolwaling Himal (NE of Pangbuk Ri on Tibetan border),6478,Rolwaling,Khumbu-Rolwaling-Makalu,False,True,False,,Nepal & China,Climbed,2013,Autumn,PANN13301,USA,"Scott Adamson, Christopher Wright"
334,PATR,Patrasi Himal,Kande Hiunchuli North,Kanjiroba Himal (NE of Kande Huinchuli),6450,Kanjiroba,Kanjiroba-Far West,True,False,False,,Nepal only,Unclimbed,0,Unknown,,,Unclimbed
346,PHUG,Phu Kang Go,"Phu Khang Go, Athahra Saya Khola Himal",Peri Himal (SE of Cheo on Tibetan border),6767,Peri,Annapurna-Damodar-Peri,True,False,False,Opened in 2014,Nepal & China,Climbed,2011,Autumn,PHUG11301,"France, Belgium","Paulo Grobel, Benoit Van Lerberghe"
352,PK04,Peak 4,Shershon Ri,Khumbu Himal (SE of Baruntse),6736,Khumbu,Khumbu-Rolwaling-Makalu,True,False,False,Opened in 2003,Nepal only,Unclimbed,0,Unknown,,,Unclimbed
354,PK41,Peak 41,"""True"" Mera Peak",Khumbu Himal (ESE of Ama Dablam),6648,Khumbu,Khumbu-Rolwaling-Makalu,True,False,False,Opened in 2002,Nepal only,Climbed,2002,Autumn,PK4102301,Slovenia,"Matic Jost, Urban Golob, Uros Samec"
359,POKR,Pokharkang,Pokhar Khang,Damodar Himal (N of Pisang Peak),6372,Damodar,Annapurna-Damodar-Peri,True,False,False,Opened in 2002,Nepal only,Climbed,2002,Autumn,POKR02301,"UK, Nepal","Richard Scott, Dave Wynne-Jones, Kaji Sherpa"
363,PUMO,Pumori,,Khumbu Himal (WNW of Everest on Tibetan border),7138,Khumbu,Khumbu-Rolwaling-Makalu,True,False,False,,Nepal & China,Climbed,1962,Spring,PUMO62101,"W Germany, Switzerland","Gerhard Lenser, Ernst Farrer, Ueli Huerlemann, Hans Ruetzel"
366,PUTH,Putha Hiunchuli,Dhaulagiri VII,Dhaulagiri Himal (W of Churen Himal),7246,Dhaulagiri,Dhaulagiri-Mukut,True,False,False,,Nepal only,Climbed,1954,Autumn,PUTH54301,"UK, Nepal","J. O. M. Roberts, Ang Nyima Sherpa"
368,RAKS,Raksha Urai,Raksha Urai III,Raksha Urai Himal (ESE of Nampa),6609,Api/Byas Risi/Guras,Kanjiroba-Far West,True,False,False,,Nepal only,Climbed,2003,Autumn,RAKS03301,"France, Nepal","Arnaud Clere, Catherine Couland, Gael Faroux, Keshab Raj Gurung"
373,RATC,Ratna Chuli,,Peri Himal (NW of Himlung on Tibetan border),7035,Peri,Annapurna-Damodar-Peri,True,False,False,Opened in 2002,Nepal & China,Climbed,1996,Autumn,RATC96301,"Japan, Nepal","Osamu Tanabe, Santa Bahadur Ale, Katsuhiko Sawada, Durge Bahadur Tamang, Tul Bahadur Tamang"
375,RAUN,Raungsiyar,,Rolwaling Himal (N of Pimu),6224,Rolwaling,Khumbu-Rolwaling-Makalu,True,False,False,Opened in 2014,Nepal only,Climbed,2015,Autumn,RAUN15301,Nepal,"Dawa Gyalje Sherpa, Nima Tenji Sherpa, Tashi Sherpa"
382,ROMA,Roma,,Saipal Himal (SW of Saipal),5407,Saipal,Kanjiroba-Far West,True,False,False,Delisted in 2014,Nepal only,Unclimbed,0,Unknown,,,Unclimbed?
383,SAIE,Saipal East Humla,,Saipal Himal (NE of Saipal),6925,Saipal,Kanjiroba-Far West,True,False,False,,Nepal only,Climbed,1990,Autumn,SAIP90301,"Switzerland, Nepal","Jacques Montaz, Tendi Sherpa"
384,SAIP,Saipal,,Saipal Himal,7030,Saipal,Kanjiroba-Far West,True,False,False,,Nepal only,Climbed,1963,Autumn,SAIP63301,"Japan, Nepal","Katsuotoshi Hirabayashi, Pasang Phutar Sherpa (I)"
386,SALW,Saldim West,"Peak 5, Saldim Ri, Yaphu Ri",Makalu Himal (ENE of Shershon village on Tibetan border),6388,Makalu,Khumbu-Rolwaling-Makalu,True,False,False,Opened in 2003,Nepal & China,Climbed,2016,Autumn,SALW16301,Romania,"Vlad Capusan, Zolt Torok"
387,SAMD,Samdo,,Manaslu Himal (NNE of Panpoche 1 & 2 on Tibetan border),6335,Manaslu/Mansiri,Manaslu-Ganesh,True,False,False,Opened in 2003,Nepal & China,Climbed,2009,Autumn,SAMD09302,Japan,"Yasuke Kuramoto, Yoshitaka Kameoka, Kohei Kotani, Seiya Nakasukasa, Daisuke Nakatsuka, Hiroki Yamamoto"
398,SHEY,Shey Shikhar,Junction Peak,Kanjiroba Himal (SE of Kanjiroba and Tripura Hiunchuli),6139,Kanjiroba,Kanjiroba-Far West,True,False,False,,Nepal only,Climbed,2007,Summer,SHEY07201,Japan,Katsuhito Fujikawa
417,SYKG,Syaokang,,Ohmi Kangri Himal (SW of Ohmi Kangri near Tibetan border),5929,Janak/Ohmi Kangri,Kangchenjunga-Janak,True,False,False,,Nepal only,Climbed,2012,Autumn,SYKG12301,New Zealand,"John Cocks, Martin Hunter, Geoffrey Lamarche, Paul Maxim, Nick Schearer"
424,TASH,Tashi Kang,Tashi Khang,Mukut Himal (N of Dhampus Peak),6386,Mukut/Mustang,Dhaulagiri-Mukut,True,False,False,Opened in 2002,Nepal only,Climbed,2002,Summer,TASH02201,"Japan, Nepal","Yasue Mogi, Gyalzen Sherpa"
425,TAWA,Tawa,,Damodar Himal (NNE of Yakawa Kang),6110,Damodar,Annapurna-Damodar-Peri,False,True,False,,Nepal only,Climbed,2010,Autumn,TAWA10301,"Japan, Nepal","Mikio Iga, Kazuya Fujikura, Chhongba Sherpa, Lhakpa Sherpa"
426,TAWO,Tawoche,Taboche,Khumbu Himal (NW of Ama Dablam),6495,Khumbu,Khumbu-Rolwaling-Makalu,True,False,False,,Nepal only,Climbed,1974,Spring,TAWO74101,France,"Louis Dubost, Paul Gendre"
429,TENR,Tengi Ragi Tau,"Agole, Angole",Rolwaling Himal (N of Tesi Laptsa),6938,Rolwaling,Khumbu-Rolwaling-Makalu,True,False,False,Opened in 2002,Nepal only,Climbed,2002,Winter,TENR02401,"Japan, Nepal","Koichi Ezaki, Ruchia Takahashi, Pasang Tamang, Tul Bahadur Tamang"
430,THAM,Thamserku,Tramserku,Khumbu Himal (SW of Ama Dablam),6618,Khumbu,Khumbu-Rolwaling-Makalu,True,False,False,,Nepal only,Climbed,1964,Autumn,THAM64301,New Zealand,"Lynn Crawford, Peter Farrell, John McKinnon, Richard Stewart"
435,THUL,Thulagi,Mansiri Himal,Manaslu Himal (SW of Manaslu),7059,Manaslu/Mansiri,Manaslu-Ganesh,True,False,False,Opened in 2003,Nepal only,Climbed,2015,Autumn,THUL15301,Russia,"Alexander Gukov, Ivan Dozhdev, Ruslan Kirichenko, Valeri Shamalo"
436,TILI,Tilicho,Tilitso,Annapurna-Nilgiri Himal (N of Annapurna I),7134,Annapurna,Annapurna-Damodar-Peri,True,False,False,,Nepal only,Climbed,1978,Autumn,TILI78301,France,Emmanuel Schmutz
439,TKPO,Tengkangpoche,Thyangmoche,Rolwaling Himal (W of Kwangde),6482,Rolwaling,Khumbu-Rolwaling-Makalu,True,False,False,Opened in 2001,Nepal only,Climbed,1984,Autumn,TKPO84301,"UK, USA","Trevor Pilling, Andy Zimet"
440,TKRE,Takargo East,"Thakar Go East, Dragker-go East",Rolwaling Himal (ESE of Takargo),6152,Rolwaling,Khumbu-Rolwaling-Makalu,True,False,False,Opened in 2014,Nepal only,Climbed,2015,Autumn,TKRE15301,Nepal,"Dawa Gyalje Sherpa, Nima Tenji Sherpa, Tashi Sherpa"
441,TKRG,Takargo,Dragker-go,Rolwaling Himal (E of Chobutse),6771,Rolwaling,Khumbu-Rolwaling-Makalu,True,False,False,Opened in 2003,Nepal only,Climbed,2010,Spring,TKRG10101,USA,"David Gottlieb, Joseph Puryear"
442,TLNG,Talung,,Simhalila Himal (S of Kangchenjunga on Indian border),7349,Kangchenjunga/Simhalila,Kangchenjunga-Janak,True,False,False,Opened in 2002,Nepal & India,Climbed,1964,Spring,TLNG64101,"W Germany, Nepal","Franz Lindner, Tenzing Nanda Sherpa"
443,TOBS,Tobsar,Tabsar,Shringi Himal (ENE of Chamar),6065,Ganesh/Shringi,Manaslu-Ganesh,True,False,False,Opened in 2002,Nepal only,Climbed,2017,Autumn,TOBS17301,Nepal,"Narendra Shahi, Iman Gurung, Samir Gurung"
445,TRIA,Triangle Peak,,Jugal Himal (NNW of Dome Blanc on Tibetan border),6484,Jugal,Langtang-Jugal,False,True,False,,Nepal & China,Climbed,2013,Autumn,TRIA13301,France,"Sebastien Moatti, Max Bonniot"
447,TSAR,Tsartse,,Mukut Himal (N of Dhampus Peak),6343,Mukut/Mustang,Dhaulagiri-Mukut,True,False,False,Opened in 2002,Nepal only,Climbed,2018,Autumn,TSAR18301,"Japan, Nepal","Kouki Ikeda, Daisuke Simozuru, Yujiro Suga, Asahi Takeshita, Dendi Sherpa, Ngima Sherpa, Pemba Sherpa, Tenjin Sherpa, Bir Kaji Tamang"
452,TUKU,Tukuche,,Dhaulagiri Himal (NE of Dhaulagiri I),6920,Dhaulagiri,Dhaulagiri-Mukut,True,False,False,,Nepal only,Climbed,1970,Spring,TUKU70101,Japan,"Hirosuke Kikuchi, Eiho Otani, Takao Yonemoto"
455,URMA,Urkema,"Baden Powell Scout Peak, Urgyenma",Langtang Himal (W of Ganja La),5890,Langtang,Langtang-Jugal,True,False,False,,Nepal only,Climbed,2007,Autumn,URMA07301,"Taiwan, S Korea, Singapore, Australia, Nepal",15 international scout students and 6 Sherpas
456,YAKA,Yakawa Kang,,Damodar Himal (N of Thorong La),6482,Damodar,Annapurna-Damodar-Peri,True,False,False,Opened in 2003,Nepal only,Climbed,2010,Autumn,YAKA10301,"Japan, Nepal","Hidenobu Tsuji, Dawa Norbu Sherpa, Dawa Tshering Sherpa, Tshering Tashi Sherpa"
457,YALU,Yalung Kang,Yalungkar,Kangchenjunga Himal (W summit of Kangchenjunga),8505,Kangchenjunga/Simhalila,Kangchenjunga-Janak,True,False,False,,Nepal only,Climbed,1973,Spring,YALU73101,Japan,"Yutaka Ageta, Takao Matsuda"
461,YANS,Yansa Tsenji,"Dragpoche, Dhagpache",Langtang Himal (SW of Shalbachum on Tibetan border),6567,Langtang,Langtang-Jugal,True,False,False,Opened in 2003,Nepal only,Unclimbed,0,Unknown,,,Unclimbed
464,YAUP,Yaupa,,Makalu Himal (NE of Shershon village on Tibetan border),6422,Makalu,Khumbu-Rolwaling-Makalu,True,False,False,Opened in 2003,Nepal & China,Climbed,1989,Autumn,YAUP89301,"UK, USA","Andy Fanshawe, Vic Saunders, Stephen Sustad"
